,Unnamed: 0.2,Unnamed: 0.1,Unnamed: 0,id,name,price,title,author,press,comment,content,btime
0,0,0,0,,人间惊鸿客：古代文人爆笑名场面,46.5,人间惊鸿客：古代文人爆笑名场面,王磊,中国友谊出版公司,5570.0,人间惊鸿客：古代文人爆笑名场面,2022-07-01
1,1,1,1,,钝感力,46.5,钝感力（渡边淳一经典励志大作！央视新闻、《奇葩说》鼎力推荐，,渡边淳一,青岛出版社,529026.0,钝感力（渡边淳一经典励志大作！央视新闻、《奇葩说》鼎力推荐，,2018-01-01
2,2,2,2,,蛤蟆先生去看心理医生,46.5,蛤蟆先生去看心理医生（热销300万册！英国经典心理咨询入门书，知,罗伯特·戴博德,天津人民出版社,1326412.0,蛤蟆先生去看心理医生（热销300万册！英国经典心理咨询入门书，知,2020-07-01
3,3,3,3,,活着,46.5,活着（余华代表作，精装，易烊千玺推荐阅读）,余华,北京十月文艺出版社,894446.0,活着（余华代表作，精装，易烊千玺推荐阅读）,2021-10-01
4,4,4,4,,生死疲劳,46.5,生死疲劳（不看不知道，莫言真幽默！全新版本！印章版和普通版随,莫言,浙江文艺出版社,368213.0,生死疲劳（不看不知道，莫言真幽默！全新版本！印章版和普通版随,2022-01-01
5,5,5,5,,四季的变化:科普认知绘本(全4册),46.5,四季的变化:科普认知绘本(全4册),谢茹,天地出版社,59266.0,四季的变化:科普认知绘本(全4册),2019-04-01
6,6,6,6,,陪孩子弯道超车,46.5,陪孩子弯道超车（给家长和孩子的逆袭指南）,吉田,北京联合出版有限公司,31609.0,陪孩子弯道超车（给家长和孩子的逆袭指南）,2022-07-01
7,7,7,7,,被讨厌的勇气：“自我启发之父”阿德勒的哲学课 岸见一郎,46.5,被讨厌的勇气：“自我启发之父”阿德勒的哲学课 岸见一郎,岸見一郎,机械工业出版社,823733.0,被讨厌的勇气：“自我启发之父”阿德勒的哲学课 岸见一郎,2020-03-05
8,8,8,8,,瓦尔登湖,46.5,瓦尔登湖（经典新读 中央编译出版社）,梭罗,中央编译出版社,30899.0,瓦尔登湖（经典新读 中央编译出版社）,2019-04-01
9,9,9,9,,苏东坡传,46.5,苏东坡传（林语堂纪念典藏精装版）,林语堂,湖南文艺出版社,826669.0,苏东坡传（林语堂纪念典藏精装版）,2018-01-01
10,10,10,10,,福尔摩斯探案集 中小学生课外阅读指导丛书 无障碍阅读 彩插励志版,46.5,福尔摩斯探案集 中小学生课外阅读指导丛书 无障碍阅读 彩插励志版,柯南,南方出版社,387912.0,福尔摩斯探案集 中小学生课外阅读指导丛书 无障碍阅读 彩插励志版,2021-04-01
11,11,11,11,,少年读史记,46.5,少年读史记（套装全5册）,张嘉骅,青岛出版社,1255573.0,少年读史记（套装全5册）,2015-09-01
12,12,12,12,,果麦经典：了凡四训,46.5,果麦经典：了凡四训（“我命由我不由天！”曾国藩、胡适、稻盛和,袁了凡,三秦出版社,189960.0,果麦经典：了凡四训（“我命由我不由天！”曾国藩、胡适、稻盛和,2017-09-01
13,13,13,13,,心安即是归处：季羡林百年生命智慧。央视《朗读者》多次动情朗读,46.5,心安即是归处：季羡林百年生命智慧。央视《朗读者》多次动情朗读,季羡林,古吴轩出版社,406577.0,心安即是归处：季羡林百年生命智慧。央视《朗读者》多次动情朗读,2020-08-01
14,14,14,14,,人生海海,46.5,人生海海（麦家重磅力作，莫言、董卿盛赞，连续两年高居畅销榜，,麦家,北京十月文艺出版社,1083361.0,人生海海（麦家重磅力作，莫言、董卿盛赞，连续两年高居畅销榜，,2019-04-16
15,15,15,15,,人生苦短，再来一碗,46.5,人生苦短，再来一碗（色香味俱全的美食散文集，可以下酒 佐餐 伴,丰子恺,花山文艺出版社,1483.0,人生苦短，再来一碗（色香味俱全的美食散文集，可以下酒 佐餐 伴,2022-01-01
16,16,16,16,,你当像鸟飞往你的山,46.5,你当像鸟飞往你的山（中文版销量超200万册，比尔·盖茨年度特别推,塔拉,南海出版公司,1411183.0,你当像鸟飞往你的山（中文版销量超200万册，比尔·盖茨年度特别推,2019-11-01
17,17,17,17,,暖房子·屁屁侦探系列,46.5,暖房子·屁屁侦探系列（套装共7册）,Troll,海豚出版社,149249.0,暖房子·屁屁侦探系列（套装共7册）,2020-07-01
18,18,18,18,,作家榜经典：月亮与六便士,46.5,作家榜经典：月亮与六便士（全新未删节插图珍藏版！毛姆写给年轻,毛姆,浙江文艺出版社,1419012.0,作家榜经典：月亮与六便士（全新未删节插图珍藏版！毛姆写给年轻,2017-01-10
19,19,19,19,,神奇校车·桥梁书版,46.5,神奇校车·桥梁书版（全20册）,乔安娜柯尔,贵州人民出版社,1402362.0,神奇校车·桥梁书版（全20册）,2014-04-01
20,20,20,20,,法治的细节,46.5,法治的细节（罗翔新作，法律随笔，评热点、论法理、聊读书、谈爱,罗翔,云南人民出版社,219240.0,法治的细节（罗翔新作，法律随笔，评热点、论法理、聊读书、谈爱,2021-11-01
21,21,21,21,,额尔古纳河右岸,46.5,额尔古纳河右岸（茅盾文学奖获奖作品全集28）,迟子建,人民文学出版社,111295.0,额尔古纳河右岸（茅盾文学奖获奖作品全集28）,2019-06-01
22,22,22,22,,三体：全三册 刘慈欣代表作，亚洲“雨果奖”获奖作品！,46.5,三体：全三册 刘慈欣代表作，亚洲“雨果奖”获奖作品！,刘慈欣,重庆出版社,1975103.0,三体：全三册 刘慈欣代表作，亚洲“雨果奖”获奖作品！,2010-11-01
23,23,23,23,,我与地坛,46.5,我与地坛（纪念版）,史铁生,人民文学出版社,322739.0,我与地坛（纪念版）,2011-06-01
24,24,24,24,,马尔克斯：百年孤独,46.5,马尔克斯：百年孤独（50周年纪念版）,加西亚·马尔克斯,南海出版公司,2171637.0,马尔克斯：百年孤独（50周年纪念版）,2017-08-01
25,25,25,25,,小王子,46.5,小王子（罗翔老师推荐阅读，李继宏口碑译作，作者基金会官方认证,安托万·德·圣埃克苏佩里,天津人民出版社,1597381.0,小王子（罗翔老师推荐阅读，李继宏口碑译作，作者基金会官方认证,2018-06-03
26,26,26,26,,人类群星闪耀时,46.5,人类群星闪耀时（无删减全译本。《一个陌生女人的来信》作者茨威,斯蒂芬·茨威格,时代文艺出版社,150097.0,人类群星闪耀时（无删减全译本。《一个陌生女人的来信》作者茨威,2018-01-15
27,27,27,27,,遥远的救世主,46.5,遥远的救世主（天道原著王志文主演电视剧畅销遥远的救世主作者豆,豆豆,作家出版社,464446.0,遥远的救世主（天道原著王志文主演电视剧畅销遥远的救世主作者豆,2018-10-09
28,28,28,28,,命运,46.5,命运（蔡崇达新书，畅销400万册《皮囊》作者长篇新作。刘德华、韩,蔡崇达,浙江文艺出版社,16393.0,命运（蔡崇达新书，畅销400万册《皮囊》作者长篇新作。刘德华、韩,2022-09-01
29,29,29,29,,好好长大 : 小学生第一本校园社交手册,46.5,好好长大 : 小学生第一本校园社交手册,迪贝教育,北京日报出版社,14815.0,好好长大 : 小学生第一本校园社交手册,2022-06-01
30,30,30,30,,云边有个小卖部,46.5,云边有个小卖部（俞敏洪《在岁月中远行》单独撰文推荐，随书附赠,张嘉佳,湖南文艺出版社,1423256.0,云边有个小卖部（俞敏洪《在岁月中远行》单独撰文推荐，随书附赠,2018-07-01
31,31,31,31,,阳光温柔，猫狗可爱,46.5,阳光温柔，猫狗可爱（治愈系生活散文，冯骥才、季羡林等半个文化,冯骥才,古吴轩出版社,112.0,阳光温柔，猫狗可爱（治愈系生活散文，冯骥才、季羡林等半个文化,2022-07-01
32,32,32,32,,现代文学系列《生死场》,46.5,现代文学系列《生死场》,萧红,中国文联出版社,6732.0,现代文学系列《生死场》,2016-03-01
33,33,33,33,,面纱,46.5,面纱（毛姆关于女性精神觉醒的经典作品，三次改编成电影。2018全,毛姆,时代文艺出版社,182749.0,面纱（毛姆关于女性精神觉醒的经典作品，三次改编成电影。2018全,2019-01-01
34,34,34,34,,趣说中国史1+2,46.5,趣说中国史1+2（全2册）,趣哥,台海出版社,233842.0,趣说中国史1+2（全2册）,2022-06-01
35,35,35,35,,狂人日记：鲁迅小说全集,46.5,狂人日记：鲁迅小说全集（1938年复社底本，中国白话小说开山之作,鲁迅,中国友谊出版公司,105316.0,狂人日记：鲁迅小说全集（1938年复社底本，中国白话小说开山之作,2021-08-01
36,36,36,36,,知行合一王阳明大全集,46.5,知行合一王阳明大全集（套装共3册）（全面解读知行合一理念的经典,度阴山,江苏凤凰文艺出版社,43250.0,知行合一王阳明大全集（套装共3册）（全面解读知行合一理念的经典,2018-03-05
37,37,37,37,,少年读徐霞客游记,46.5,少年读徐霞客游记（游中国·地理启蒙，全3册；读万卷书，行万里路,刘兴诗,青岛出版社,81333.0,少年读徐霞客游记（游中国·地理启蒙，全3册；读万卷书，行万里路,2020-09-01
38,38,38,38,,消失的13级台阶,46.5,消失的13级台阶（罗翔推荐！荣获日本推理小说至高荣誉江户川乱步,高野和明,上海文艺出版社,306894.0,消失的13级台阶（罗翔推荐！荣获日本推理小说至高荣誉江户川乱步,2020-04-29
39,39,39,39,,置身事内：中国政府与经济发展,46.5,置身事内：中国政府与经济发展（罗永浩、罗振宇、何帆、刘格菘、,兰小欢,上海人民出版社,152943.0,置身事内：中国政府与经济发展（罗永浩、罗振宇、何帆、刘格菘、,2021-08-01
40,40,40,40,,非暴力沟通,46.5,非暴力沟通（修订版）,马歇尔,华夏出版社,778126.0,非暴力沟通（修订版）,2021-09-01
41,41,41,41,,正面管教(修订版),46.5,正面管教(修订版),简·尼尔森,北京联合出版公司,1995549.0,正面管教(修订版),2016-07-01
42,42,42,42,,始于极限：女性主义往复书简,46.5,始于极限：女性主义往复书简（上野千鹤子新作，某瓣9.4分，万千读,上野千鹤子,新星出版社,11355.0,始于极限：女性主义往复书简（上野千鹤子新作，某瓣9.4分，万千读,2022-08-01
43,43,43,43,,少有人走的路：心智成熟的旅程,46.5,少有人走的路：心智成熟的旅程（白金升级版）,M.斯科特·派克,北京联合出版有限公司,212442.0,少有人走的路：心智成熟的旅程（白金升级版）,2020-10-20
44,44,44,44,,起初·纪年,46.5,起初·纪年（王朔新书，埋头十五年压卷之作！中国当代小说新高度,王朔,新星出版社,58174.0,起初·纪年（王朔新书，埋头十五年压卷之作！中国当代小说新高度,2022-08-01
45,45,45,45,,人间闹了一整天纪念礼盒套装,46.5,人间闹了一整天纪念礼盒套装（可能这就是人生吧+为这人间操碎了心,梁实秋,中国友谊出版公司,2765.0,人间闹了一整天纪念礼盒套装（可能这就是人生吧+为这人间操碎了心,2021-11-01
46,46,46,46,,一句顶一万句,46.5,一句顶一万句（当当专享印签版）,刘震云,花城出版社,178569.0,一句顶一万句（当当专享印签版）,2022-08-01
47,47,47,47,,如何说孩子才会听 怎么听孩子才肯说,46.5,如何说孩子才会听 怎么听孩子才肯说（全新修订版，涂磊推荐）,玛兹丽施,中央编译出版社,1030865.0,如何说孩子才会听 怎么听孩子才肯说（全新修订版，涂磊推荐）,2016-09-01
48,48,48,48,,底层逻辑：看清这个世界的底牌,46.5,底层逻辑：看清这个世界的底牌（俞敏洪、董宇辉东方甄选强势推荐,刘润,机械工业出版社,136970.0,底层逻辑：看清这个世界的底牌（俞敏洪、董宇辉东方甄选强势推荐,2021-10-01
49,49,49,49,,最温柔的教养,46.5,最温柔的教养（130则实用亲子用语范例，治愈童年的自己，温暖孩子,吴恩瑛,中信出版社,129872.0,最温柔的教养（130则实用亲子用语范例，治愈童年的自己，温暖孩子,2021-09-01
50,50,50,50,,圆圈正义,46.5,圆圈正义,罗翔,中国法制出版社,144440.0,圆圈正义,2019-08-07
51,51,51,51,,哈姆莱特,46.5,哈姆莱特（名家名译全译本）,莎士比亚,西安交通大学出版社,886.0,哈姆莱特（名家名译全译本）,2017-08-01
52,52,52,52,,罪与罚 犯罪心理分析小说的大师级经典之作 世界名著典藏,46.5,罪与罚 犯罪心理分析小说的大师级经典之作 世界名著典藏,陀思妥耶夫斯基,中央编译出版社,67660.0,罪与罚 犯罪心理分析小说的大师级经典之作 世界名著典藏,2015-06-01
53,53,53,53,,平凡的世界：全三册,46.5,平凡的世界：全三册（全新2021版，茅盾文学奖获奖作品，激励青年,路遥,北京十月文艺出版社,1056666.0,平凡的世界：全三册（全新2021版，茅盾文学奖获奖作品，激励青年,2021-06-01
54,54,54,54,,陪孩子走过小学六年,31.0,陪孩子走过小学六年（全新增订版）（新版）,刘称莲,北京联合出版公司,96942.0,陪孩子走过小学六年（全新增订版）（新版）,2019-07-23
55,55,55,55,,厌女：日本的女性嫌恶,38.0,厌女：日本的女性嫌恶,上野千鹤子,上海三联书店,59982.0,厌女：日本的女性嫌恶,2015-05-01
56,56,56,56,,乡土中国,22.8,乡土中国（精装版 附赠书签）,费孝通,青岛出版社,135192.0,乡土中国（精装版 附赠书签）,2019-10-01
57,57,57,57,,东野圭吾：白夜行,59.6,东野圭吾：白夜行（易烊千玺、孟非推荐，东野圭吾作品无冕之王）,东野圭吾,南海出版公司,2009083.0,东野圭吾：白夜行（易烊千玺、孟非推荐，东野圭吾作品无冕之王）,2017-08-09
58,58,58,58,,皮囊,49.8,皮囊（400万册纪念版，直面人生的难题，刻在骨头里的故事，容纳一,蔡崇达,天津人民出版社,1278397.0,皮囊（400万册纪念版，直面人生的难题，刻在骨头里的故事，容纳一,2019-05-01
59,59,59,59,,夏洛的网(2020版,25.5,夏洛的网(2020版）（三年级阅读经典书目）,怀特,上海译文出版社,1182394.0,夏洛的网(2020版）（三年级阅读经典书目）,2014-08-01
60,60,60,60,,次第花开 修订版,39.8,次第花开 修订版,希阿荣博堪布,海南出版社,743834.0,次第花开 修订版,2017-02-01
61,61,61,61,,第七天,27.2,第七天（2018版）,余华,新星出版社,523539.0,第七天（2018版）,2018-08-01
62,62,62,62,,一九八四,28.5,一九八四（又译“1984”。奥威尔代表作，反乌托邦杰作之一）,乔治·奥威尔,时代文艺出版社,237838.0,一九八四（又译“1984”。奥威尔代表作，反乌托邦杰作之一）,2018-02-05
63,63,63,63,,悉达多,32.0,悉达多（译者姜乙翻译）【果麦经典】,赫尔曼·黑塞,天津人民出版社,139359.0,悉达多（译者姜乙翻译）【果麦经典】,2017-01-01
64,64,64,64,,神奇校车·图画书版,198.0,神奇校车·图画书版（全12册，新增科学博览会1册）,乔安娜柯尔,贵州人民出版社,1715049.0,神奇校车·图画书版（全12册，新增科学博览会1册）,2018-05-10
65,65,65,65,,全球最美的100个地方 图说天下 寻梦之旅,25.4,全球最美的100个地方 图说天下 寻梦之旅,图说天下,四川人民出版社,8515.0,全球最美的100个地方 图说天下 寻梦之旅,2022-07-01
66,66,66,66,,人间值得,49.9,人间值得（90岁心理医生恒子奶奶写给生活的哲思小书。十点读书、,中村恒子,北京日报出版社,627004.0,人间值得（90岁心理医生恒子奶奶写给生活的哲思小书。十点读书、,2019-09-01
67,67,67,67,,沟通的方法,49.0,沟通的方法（畅销60万册 得到CEO脱不花为你准备的沟通心法，助你,脱不花,新星出版社,132971.0,沟通的方法（畅销60万册 得到CEO脱不花为你准备的沟通心法，助你,2021-06-11
68,68,68,68,,回家,44.8,回家（孙悦新书！电影《亲爱的》原型之一孙海洋的漫漫寻子路，传,孙悦,中信出版社,56715.0,回家（孙悦新书！电影《亲爱的》原型之一孙海洋的漫漫寻子路，传,2022-09-30
69,69,69,69,,在细雨中呼喊,27.2,在细雨中呼喊（精装版）,余华,北京十月文艺出版社,60961.0,在细雨中呼喊（精装版）,2018-05-01
70,70,70,70,,乌合之众 : 大众心理研究,10.2,乌合之众 : 大众心理研究（群体心理学创始人古斯塔夫·勒庞代表作,古斯塔夫·勒庞,民主与建设出版社,716856.0,乌合之众 : 大众心理研究（群体心理学创始人古斯塔夫·勒庞代表作,2018-04-06
71,71,71,71,,波西和皮普7册经典套装0-3岁低幼启蒙情绪,40.2,波西和皮普7册经典套装（小小聪明豆系列绘本）0-3岁低幼启蒙情绪,阿克塞尔·舍夫勒,外语教学与研究出版社,183391.0,波西和皮普7册经典套装（小小聪明豆系列绘本）0-3岁低幼启蒙情绪,2015-08-17
72,72,72,72,,许三观卖血记,27.2,许三观卖血记（2017精装典藏版，增录新版自序）,余华,北京十月文艺出版社,88892.0,许三观卖血记（2017精装典藏版，增录新版自序）,2017-10-01
73,73,73,73,,茅盾文学奖张炜自选集精装典藏版,248.3,茅盾文学奖张炜自选集精装典藏版（全6册）,张炜,中国友谊出版公司,6623.0,茅盾文学奖张炜自选集精装典藏版（全6册）,2019-10-01
74,74,74,74,,信谊世界精选图画书-猜猜我有多爱你,43.8,信谊世界精选图画书-猜猜我有多爱你,山姆·麦克布雷尼,明天出版社,191222.0,信谊世界精选图画书-猜猜我有多爱你,2020-09-01
75,75,75,75,,心灵教科书绘本系列：西兰花先生的理发店,46.6,心灵教科书绘本系列：西兰花先生的理发店（教会孩子：敢于打破常,福田纯子,海豚出版社,176978.0,心灵教科书绘本系列：西兰花先生的理发店（教会孩子：敢于打破常,2021-01-01
76,76,76,76,,小羊上山儿童汉语分级读物第1级,138.0,小羊上山儿童汉语分级读物第1级（10册套装）,孙蓓,人民邮电出版社,98004.0,小羊上山儿童汉语分级读物第1级（10册套装）,2020-09-01
77,77,77,77,,真希望我父母读过这本书,31.2,真希望我父母读过这本书（二十年资历心理治疗师写给父母和孩子的,菲莉帕·佩里,中信出版社,130230.0,真希望我父母读过这本书（二十年资历心理治疗师写给父母和孩子的,2020-08-10
78,78,78,78,,我爸爸+我妈妈——清华附小推荐经典儿童绘本 ！,79.6,我爸爸+我妈妈（全2册）——清华附小推荐经典儿童绘本 ！（启发童,安东尼·布朗,河北教育出版社,896260.0,我爸爸+我妈妈（全2册）——清华附小推荐经典儿童绘本 ！（启发童,2019-10-01
79,79,79,79,,时代广场的蟋蟀：麦克米伦世纪大奖小说最新升级版,25.0,时代广场的蟋蟀：麦克米伦世纪大奖小说最新升级版,乔治·塞尔登,二十一世纪出版社,551792.0,时代广场的蟋蟀：麦克米伦世纪大奖小说最新升级版,2017-09-01
80,80,80,80,,刻意练习：如何从新手到大师,59.0,刻意练习：如何从新手到大师,安德斯·艾利克森,机械工业出版社,383454.0,刻意练习：如何从新手到大师,2021-03-01
81,81,81,81,,认知觉醒：开启自我改变的原动力,59.8,认知觉醒：开启自我改变的原动力,周岭,人民邮电出版社,97557.0,认知觉醒：开启自我改变的原动力,2020-09-01
82,82,82,82,,理想国,39.2,理想国（2020全译本，西方哲学的源头，清华大学、北京大学图书馆,柏拉图,民主与建设出版社,69580.0,理想国（2020全译本，西方哲学的源头，清华大学、北京大学图书馆,2020-07-01
83,83,83,83,,打火机与公主裙(荒草园+长明灯)全2册 Twentine著 陈飞宇、张婧仪,49.0,打火机与公主裙(荒草园+长明灯)全2册 Twentine著 陈飞宇、张婧仪,Twentine,青岛出版社,7951.0,打火机与公主裙(荒草园+长明灯)全2册 Twentine著 陈飞宇、张婧仪,2017-08-01
84,84,84,84,,那个不为人知的故事,39.9,那个不为人知的故事,Twentine,四川文艺出版社,185709.0,那个不为人知的故事,2020-10-01
85,85,85,85,,终身成长：重新定义成功的思维模式,49.8,终身成长：重新定义成功的思维模式,卡罗尔·德韦克,江西人民出版社,310007.0,终身成长：重新定义成功的思维模式,2017-11-01
86,86,86,86,,如果历史是一群喵10·宋辽金夏篇,40.66,如果历史是一群喵10·宋辽金夏篇,肥志,广东旅游出版社,88116.0,如果历史是一群喵10·宋辽金夏篇,2022-04-01
87,87,87,87,,望江南,68.0,望江南（你一句春不晚，我就到了真江南。茅奖得主王旭烽，沉潜26,王旭烽,浙江文艺出版社,69212.0,望江南（你一句春不晚，我就到了真江南。茅奖得主王旭烽，沉潜26,2022-03-01
88,88,88,88,,列那狐的故事 快乐读书吧 五年级上册推荐阅读(中小学生课外阅读指,13.0,列那狐的故事 快乐读书吧 五年级上册推荐阅读(中小学生课外阅读指,玛特,南方出版社,158613.0,列那狐的故事 快乐读书吧 五年级上册推荐阅读(中小学生课外阅读指,2021-06-01
89,89,89,89,,梁实秋：人生难得开口笑,44.1,梁实秋：人生难得开口笑（虽然辛苦，也要笑着过这滚烫的一生。文,梁实秋,中国致公出版社,10469.0,梁实秋：人生难得开口笑（虽然辛苦，也要笑着过这滚烫的一生。文,2022-07-01
90,90,90,90,,毛泽东选集,68.4,毛泽东选集（全四册，32开）,毛泽东,人民出版社,264510.0,毛泽东选集（全四册，32开）,1991-06-01
91,91,91,91,,捕捉儿童敏感期 孙瑞雪 ,38.0,捕捉儿童敏感期 孙瑞雪 （精装珍藏版）,孙瑞雪,中国妇女出版社,327803.0,捕捉儿童敏感期 孙瑞雪 （精装珍藏版）,2013-04-01
92,92,92,92,,生命的重建 原版套装,50.8,生命的重建 原版套装,露易丝·海,中国宇航出版社,23037.0,生命的重建 原版套装,2019-05-01
93,93,93,93,,五味太郎：小金鱼逃走了,35.0,五味太郎：小金鱼逃走了,五味太郎,新星出版社,302099.0,五味太郎：小金鱼逃走了,2017-04-01
94,94,94,94,,老残游记(另外收录《老残游记续集》《老残游记外编》),20.4,老残游记(另外收录《老残游记续集》《老残游记外编》),刘鹗,民主与建设出版社,26815.0,老残游记(另外收录《老残游记续集》《老残游记外编》),2015-01-01
95,95,95,95,,高效能人士的七个习惯,43.9,高效能人士的七个习惯（30周年纪念版）（全新增订版）（新增《纽,史蒂芬·柯维,中国青年出版社,292194.0,高效能人士的七个习惯（30周年纪念版）（全新增订版）（新增《纽,2020-05-30
96,96,96,96,,跟着诗词去旅行 图说天下 寻梦之旅,25.4,跟着诗词去旅行 图说天下 寻梦之旅,郝娟菡,四川人民出版社,255552.0,跟着诗词去旅行 图说天下 寻梦之旅,2019-09-01
97,97,97,97,,世界尽头的咖啡馆,45.0,世界尽头的咖啡馆（做决定前读一遍，少走弯路！美国57所高校指定,约翰·史崔勒基,天津人民出版社,183781.0,世界尽头的咖啡馆（做决定前读一遍，少走弯路！美国57所高校指定,2019-05-01
98,98,98,98,,亲密关系：通往灵魂的桥梁：杨天真推荐，这本书告诉我们,45.0,亲密关系：通往灵魂的桥梁（新版）：杨天真推荐，这本书告诉我们,克里斯多福·孟,湖南文艺出版社,801532.0,亲密关系：通往灵魂的桥梁（新版）：杨天真推荐，这本书告诉我们,2019-04-01
99,99,99,99,,西游记原著版,47.2,西游记原著版（上、下册）（团购电话:400-1066666转6）,吴承恩,人民文学出版社,401209.0,西游记原著版（上、下册）（团购电话:400-1066666转6）,2010-10-01
100,100,100,100,,悉达多,34.9,悉达多（诺贝尔文学奖得主赫尔曼·黑塞的代表作，德文直译，原版,赫尔曼·黑塞,民主与建设出版社,56754.0,悉达多（诺贝尔文学奖得主赫尔曼·黑塞的代表作，德文直译，原版,2020-12-01
101,101,101,101,,兄弟,54.5,兄弟（余华巅峰之作！有的人活着，生死疲劳；有的人活着，任性逍,余华,北京十月文艺出版社,48286.0,兄弟（余华巅峰之作！有的人活着，生死疲劳；有的人活着，任性逍,2022-07-01
102,102,102,102,,名侦探柯南-警察学校篇,41.2,名侦探柯南-警察学校篇（全2册）,青山剛昌,长春出版社,877.0,名侦探柯南-警察学校篇（全2册）,2021-12-01
103,103,103,103,,孩子读得懂的山海经神话+神兽+异人国,194.9,孩子读得懂的山海经（共3册）神话+神兽+异人国,兰梦醒,北京理工大学出版社,264205.0,孩子读得懂的山海经（共3册）神话+神兽+异人国,2020-11-04
104,104,104,104,,神奇的答案之书,31.2,神奇的答案之书,梅森,吉林美术出版社,36702.0,神奇的答案之书,2016-07-01
105,105,105,105,,爱的教育,16.0,爱的教育（语文教材“快乐读书吧”六年级上阅读，夏丏尊先生经典,亚米契斯,安徽教育出版社,282913.0,爱的教育（语文教材“快乐读书吧”六年级上阅读，夏丏尊先生经典,2015-01-01
106,106,106,106,,失明症漫记,66.0,失明症漫记（诺奖得主萨拉马戈传世之作！一旦对他人的苦难视而不,若泽·萨拉马戈,河南文艺出版社,47307.0,失明症漫记（诺奖得主萨拉马戈传世之作！一旦对他人的苦难视而不,2022-07-26
107,107,107,107,,活法,22.8,活法,稻盛和夫,东方出版社,387016.0,活法,2019-11-01
108,108,108,108,,牧羊少年奇幻之旅,24.1,牧羊少年奇幻之旅（央视《朗读者》、湖南卫视《天天向上》、李现,保罗·柯艾略,北京十月文艺出版社,631135.0,牧羊少年奇幻之旅（央视《朗读者》、湖南卫视《天天向上》、李现,2018-01-01
109,109,109,109,,红楼梦原著版,59.7,红楼梦原著版（上、下册，全两册，全本120回）（团购电话:400-10,曹雪芹,人民文学出版社,661978.0,红楼梦原著版（上、下册，全两册，全本120回）（团购电话:400-10,2013-01-01
110,110,110,110,,东野圭吾：解忧杂货店,59.0,东野圭吾：解忧杂货店（胡歌、王俊凯、刘昊然倾情推荐，简体中文,东野圭吾,南海出版公司,2528678.0,东野圭吾：解忧杂货店（胡歌、王俊凯、刘昊然倾情推荐，简体中文,2020-09-01
111,111,111,111,,梅格时空大冒险·7~14岁儿童文学科幻经典银河的裂缝 等,216.8,梅格时空大冒险·7~14岁儿童文学科幻经典（全5册）银河的裂缝 等,马德琳·英格,文汇出版社,270812.0,梅格时空大冒险·7~14岁儿童文学科幻经典（全5册）银河的裂缝 等,2017-07-01
112,112,112,112,,皮特猫·3~6岁好性格养成书：第一辑,139.9,皮特猫·3~6岁好性格养成书：第一辑（共6册）（乐观、积极、开朗,艾瑞克·利温,文汇出版社,356768.0,皮特猫·3~6岁好性格养成书：第一辑（共6册）（乐观、积极、开朗,2018-07-01
113,113,113,113,,人鱼陷落,52.8,人鱼陷落（高人气作者麟潜口碑代表作！）,麟潜,湖南文艺出版社,3280.0,人鱼陷落（高人气作者麟潜口碑代表作！）,2022-07-01
114,114,114,114,,歪歪兔逆商教育系列图画书合集全20册,124.8,歪歪兔逆商教育系列图画书合集全20册（儿童情绪与行为引导培养，,歪歪兔关键期早教项目组,海豚出版社,383455.0,歪歪兔逆商教育系列图画书合集全20册（儿童情绪与行为引导培养，,2021-08-01
115,115,115,115,,在峡江的转弯处：陈行甲人生笔记 ,48.0,在峡江的转弯处：陈行甲人生笔记 （当当专享亲笔信，南方周末、万,陈行甲,人民日报出版社,3333.0,在峡江的转弯处：陈行甲人生笔记 （当当专享亲笔信，南方周末、万,2022-01-01
116,116,116,116,,正是橙黄橘绿时,45.6,正是橙黄橘绿时（“中国好书奖”获得者肖复兴暖心新作，温暖你的,肖复兴,北京联合出版有限公司,18959.0,正是橙黄橘绿时（“中国好书奖”获得者肖复兴暖心新作，温暖你的,2022-03-01
117,117,117,117,,钱穆谈中国历史文化：中国历史精神,23.1,钱穆谈中国历史文化：中国历史精神,钱穆,贵州人民出版社,131173.0,钱穆谈中国历史文化：中国历史精神,2019-06-06
118,118,118,118,,南京大屠杀:第二次世界大战中被遗忘的大浩劫,33.8,南京大屠杀:第二次世界大战中被遗忘的大浩劫（《南京浩劫：被遗忘,张纯如,中信出版社,120675.0,南京大屠杀:第二次世界大战中被遗忘的大浩劫（《南京浩劫：被遗忘,2015-08-01
119,119,119,119,,枪炮、病菌与钢铁,57.9,枪炮、病菌与钢铁（赠解读册）,贾雷德·戴蒙德,中信出版社,53392.0,枪炮、病菌与钢铁（赠解读册）,2022-01-14
120,120,120,120,,小王子,17.9,小王子（原版精美插图，傅雷翻译出版奖得主郑克鲁法文直译。揭秘,圣埃克苏佩里,浙江工商大学出版社,244605.0,小王子（原版精美插图，傅雷翻译出版奖得主郑克鲁法文直译。揭秘,2018-07-19
121,121,121,121,,海蒂怀孕大百科,68.0,海蒂怀孕大百科（全新第5版，  百万育儿大V大J小D、年糕妈妈推荐,海蒂·麦考夫,南海出版公司,117934.0,海蒂怀孕大百科（全新第5版，  百万育儿大V大J小D、年糕妈妈推荐,2019-04-01
122,122,122,122,,一千零一夜 快乐读书吧 五年级上册推荐阅读(中小学生课外阅读指导,19.2,一千零一夜 快乐读书吧 五年级上册推荐阅读(中小学生课外阅读指导,邵珠磊,南方出版社,47389.0,一千零一夜 快乐读书吧 五年级上册推荐阅读(中小学生课外阅读指导,2019-06-01
123,123,123,123,,陈年烈狗：完结篇,49.6,陈年烈狗：完结篇（限量作者亲签版！人气作家不问三九现实成长力,不问三九,花山文艺出版社,1478.0,陈年烈狗：完结篇（限量作者亲签版！人气作家不问三九现实成长力,2022-03-01
124,124,124,124,,悠悠岁月,39.0,悠悠岁月（2022年诺贝尔文学奖得主安妮·埃尔诺作品）,安妮·埃尔诺,人民文学出版社,24740.0,悠悠岁月（2022年诺贝尔文学奖得主安妮·埃尔诺作品）,2021-05-01
125,125,125,125,,罗素论幸福,49.9,罗素论幸福（明明过得还可以，却始终感觉不到幸福？罗素：我写这,伯特兰·罗素,江苏凤凰文艺出版社,719.0,罗素论幸福（明明过得还可以，却始终感觉不到幸福？罗素：我写这,2021-08-01
126,126,126,126,,橘子不是唯一的水果,49.0,橘子不是唯一的水果,珍妮特·温特森,北京联合出版有限公司,254041.0,橘子不是唯一的水果,2018-04-01
127,127,127,127,,时间从来不语，却回答了所有问题,55.0,时间从来不语，却回答了所有问题（文学大师季羡林百岁人生的智慧,季羡林,百花洲文艺出版社,114570.0,时间从来不语，却回答了所有问题（文学大师季羡林百岁人生的智慧,2021-11-01
128,128,128,128,,生命密码：你的第一本基因科普书 尹烨,44.6,生命密码：你的第一本基因科普书 尹烨（用人人都能听懂的语言，讲,尹烨,中信出版社,15568.0,生命密码：你的第一本基因科普书 尹烨（用人人都能听懂的语言，讲,2018-10-20
129,129,129,129,,美国儿科学会育儿百科,64.8,美国儿科学会育儿百科（第7版）,塔尼娅·奥尔特曼,北京科学技术出版社,431656.0,美国儿科学会育儿百科（第7版）,2020-12-01
130,130,130,130,,尼尔斯骑鹅旅行记 快乐读书吧 六年级下册推荐阅读(中小学生课外阅,13.8,尼尔斯骑鹅旅行记 快乐读书吧 六年级下册推荐阅读(中小学生课外阅,拉格洛夫,南方出版社,246081.0,尼尔斯骑鹅旅行记 快乐读书吧 六年级下册推荐阅读(中小学生课外阅,2021-04-01
131,131,131,131,,我的第一本物理启蒙书基础篇,34.8,我的第一本物理启蒙书基础篇,冰河,中国和平出版社,7603.0,我的第一本物理启蒙书基础篇,2021-07-01
132,132,132,132,,天才在左 疯子在右(全新完整版),27.4,天才在左 疯子在右(全新完整版),高铭,北京联合出版有限公司,1556520.0,天才在左 疯子在右(全新完整版),2018-05-01
133,133,133,133,,尼尔斯骑鹅旅行记历险记彩绘注音版 6-12岁小学生课外阅读书籍 一,19.8,尼尔斯骑鹅旅行记历险记彩绘注音版 6-12岁小学生课外阅读书籍 一,长江出版社,长江出版社,8270.0,尼尔斯骑鹅旅行记历险记彩绘注音版 6-12岁小学生课外阅读书籍 一,2015-05-01
134,134,134,134,,外婆的道歉信,42.0,外婆的道歉信（外婆说，要大笑要做梦要与众不同。人生是一场伟大,弗雷德里克·巴克曼,天津人民出版社,612896.0,外婆的道歉信（外婆说，要大笑要做梦要与众不同。人生是一场伟大,2017-05-01
135,135,135,135,,罗尔德·达尔作品典藏 了不起的狐狸爸爸,15.0,罗尔德·达尔作品典藏 了不起的狐狸爸爸,罗尔德·达尔,明天出版社,662697.0,罗尔德·达尔作品典藏 了不起的狐狸爸爸,2009-03-01
136,136,136,136,,了不起,37.4,了不起（冯唐成事学全新力作，一个人活明白了才是真的了不起！）,冯唐,北京联合出版有限公司,37173.0,了不起（冯唐成事学全新力作，一个人活明白了才是真的了不起！）,2022-08-01
137,137,137,137,,小巴掌童话注音版8册百篇张秋生著 小学生课外读本,76.2,小巴掌童话注音版8册百篇张秋生著 小学生课外读本,张秋生,山东科学技术出版社,309228.0,小巴掌童话注音版8册百篇张秋生著 小学生课外读本,2018-04-18
138,138,138,138,,流浪的地球,25.8,流浪的地球（《三体》作者刘慈欣绚丽想象力之作，关乎人类命运共,刘慈欣,浙江教育出版社,668158.0,流浪的地球（《三体》作者刘慈欣绚丽想象力之作，关乎人类命运共,2018-05-01
139,139,139,139,,刘擎西方现代思想讲义,59.0,刘擎西方现代思想讲义（奇葩说导师、得到App主理人刘擎讲透西方思,刘擎,新星出版社,116401.0,刘擎西方现代思想讲义（奇葩说导师、得到App主理人刘擎讲透西方思,2021-01-17
140,140,140,140,,孩子的品格——写给父母的积极心理学,38.6,孩子的品格——写给父母的积极心理学,彭凯平,中信出版社,24136.0,孩子的品格——写给父母的积极心理学,2021-07-31
141,141,141,141,,也许你该找个人聊聊,68.0,也许你该找个人聊聊（李松蔚审校并作序，心理学泰斗欧文·亚隆力,洛莉·戈特利布,上海文化出版社,99452.0,也许你该找个人聊聊（李松蔚审校并作序，心理学泰斗欧文·亚隆力,2021-06-01
142,142,142,142,,小学生思维方式漫画,38.8,小学生思维方式漫画（用前人的经验优化自己的思维模式，让学习和,歪歪兔童书馆,海豚出版社,14713.0,小学生思维方式漫画（用前人的经验优化自己的思维模式，让学习和,2021-11-01
143,143,143,143,,往里走，安顿自己,59.9,往里走，安顿自己（史学大家许倬云重磅新作！总感觉自己活得很累,许倬云,北京日报出版社,13040.0,往里走，安顿自己（史学大家许倬云重磅新作！总感觉自己活得很累,2022-08-31
144,144,144,144,,心理抚养,44.5,心理抚养,李玫瑾,上海三联书店,110911.0,心理抚养,2021-06-01
145,145,145,145,,世界上最棒的礼物——图画中隐藏无数细节，让小小孩玩过瘾！,45.8,世界上最棒的礼物——图画中隐藏无数细节，让小小孩玩过瘾！,赖马,北京联合出版有限公司,191347.0,世界上最棒的礼物——图画中隐藏无数细节，让小小孩玩过瘾！,2019-06-30
146,146,146,146,,疯狂的化学 我是学霸 给孩子的趣味化学启蒙绘本,41.1,疯狂的化学 我是学霸 给孩子的趣味化学启蒙绘本,郭元婕,北京联合出版有限公司,73635.0,疯狂的化学 我是学霸 给孩子的趣味化学启蒙绘本,2021-11-01
147,147,147,147,,青：陪安东尼度过漫长岁月5,35.0,青：陪安东尼度过漫长岁月5,安东尼,湖南文艺出版社,28788.0,青：陪安东尼度过漫长岁月5,2022-04-01
148,148,148,148,,山茶文具店,49.8,山茶文具店（日本畅销作家小川糸备受好评暖心之作）,小川糸,湖南文艺出版社,226938.0,山茶文具店（日本畅销作家小川糸备受好评暖心之作）,2018-03-31
149,149,149,149,,万历十五年 一本好书 腾讯视频栏目推荐,14.3,万历十五年 一本好书 腾讯视频栏目推荐,黄仁宇,生活.读书.新知三联书店,835869.0,万历十五年 一本好书 腾讯视频栏目推荐,2006-06-01
150,150,150,150,,地心游记,31.2,地心游记（银火箭少年科幻系列·第2辑，又译《地心历险记》，经典,儒勒·凡尔纳,民主与建设出版社,38049.0,地心游记（银火箭少年科幻系列·第2辑，又译《地心历险记》，经典,2020-04-01
151,151,151,151,,我的第一本物理启蒙书 升级篇,34.8,我的第一本物理启蒙书 升级篇,冰河,中国和平出版社,6497.0,我的第一本物理启蒙书 升级篇,2021-08-01
152,152,152,152,,明朝那些事儿增补版.全集,243.0,明朝那些事儿增补版.全集,当年明月,北京联合出版有限公司,413964.0,明朝那些事儿增补版.全集,2017-05-01
153,153,153,153,,人生由我：比“硅谷钢铁侠”埃隆·马斯克更酷的硬核母亲。励志版,37.8,人生由我：比“硅谷钢铁侠”埃隆·马斯克更酷的硬核母亲。励志版,梅耶·马斯克,中信出版社,93088.0,人生由我：比“硅谷钢铁侠”埃隆·马斯克更酷的硬核母亲。励志版,2020-06-01
154,154,154,154,,显微镜下的大明,52.0,显微镜下的大明（马伯庸著，全新明朝历史书）,马伯庸,湖南文艺出版社,157554.0,显微镜下的大明（马伯庸著，全新明朝历史书）,2019-01-01
155,155,155,155,,窗边的小豆豆(2018版),27.2,窗边的小豆豆(2018版),黑柳彻子,南海出版公司,1588657.0,窗边的小豆豆(2018版),2018-05-01
156,156,156,156,,知行合一王阳明,49.9,知行合一王阳明（百万读者的心学入门书！深入解读知行合一及其创,度阴山,江苏凤凰文艺出版社,146742.0,知行合一王阳明（百万读者的心学入门书！深入解读知行合一及其创,2021-11-15
157,157,157,157,,德鲁克 卓有成效的管理者 附赠漫画视觉导图册、,49.0,德鲁克 卓有成效的管理者（55周年新译本） 附赠漫画视觉导图册、,彼得·德鲁克,机械工业出版社,128077.0,德鲁克 卓有成效的管理者（55周年新译本） 附赠漫画视觉导图册、,2022-04-01
158,158,158,158,,夏天、烟火和我的尸体,45.0,夏天、烟火和我的尸体（张震、田燚推荐。乙一16岁惊世成名作，高,乙一,南海出版公司,235244.0,夏天、烟火和我的尸体（张震、田燚推荐。乙一16岁惊世成名作，高,2019-09-01
159,159,159,159,,罗尔德·达尔作品典藏 查理和巧克力工厂,22.0,罗尔德·达尔作品典藏 查理和巧克力工厂,罗尔德·达尔,明天出版社,376260.0,罗尔德·达尔作品典藏 查理和巧克力工厂,2009-03-01
160,160,160,160,,道德经,19.5,道德经（中华经典名著全本全注全译-三全本）,张景,中华书局,43046.0,道德经（中华经典名著全本全注全译-三全本）,2021-05-15
161,161,161,161,,文城,59.0,文城（余华新书，时隔8年重磅归来，《活着》之后又一精彩力作）,余华,北京十月文艺出版社,350958.0,文城（余华新书，时隔8年重磅归来，《活着》之后又一精彩力作）,2021-03-03
162,162,162,162,,理想国,68.0,理想国（商务印书馆汉译名著权威全译本，精装典藏版）,柏拉图,商务印书馆,136160.0,理想国（商务印书馆汉译名著权威全译本，精装典藏版）,2020-06-01
163,163,163,163,,长安客,45.0,长安客（张颂文推荐，大唐版《人类群星闪耀时》，李白、杜甫、王,北溟鱼,天津人民出版社,119919.0,长安客（张颂文推荐，大唐版《人类群星闪耀时》，李白、杜甫、王,2020-05-01
164,164,164,164,,地藏菩萨本愿经,8.7,地藏菩萨本愿经（简体、横排、注音、国学经典诵读本）,中华文化讲堂,团结出版社,30527.0,地藏菩萨本愿经（简体、横排、注音、国学经典诵读本）,2018-01-01
165,165,165,165,,宫西达也恐龙系列全套7册,126.0,宫西达也恐龙系列全套7册（你看起来好像很好吃+我是霸王龙等）,宫西达也,２１世纪出版社,554510.0,宫西达也恐龙系列全套7册（你看起来好像很好吃+我是霸王龙等）,2016-11-01
166,166,166,166,,我们的身体,122.5,我们的身体,艾德兰,未来出版社,634629.0,我们的身体,2012-06-01
167,167,167,167,,小鸡球球触感玩具书:全5册,253.5,小鸡球球触感玩具书:全5册（升级点读版，纸板书、触摸发声书、翻,作绘者,新星出版社,457659.0,小鸡球球触感玩具书:全5册（升级点读版，纸板书、触摸发声书、翻,2022-01-18
168,168,168,168,,你怕黑吗？其实黑很怕你,43.0,你怕黑吗？其实黑很怕你,新西兰,青岛出版社,15753.0,你怕黑吗？其实黑很怕你,2021-02-01
169,169,169,169,,稻草人,17.6,稻草人（于平凡中讲述感天动地的人格魅力，让孩子读懂平凡也有闪,叶圣陶,安徽教育出版社,148673.0,稻草人（于平凡中讲述感天动地的人格魅力，让孩子读懂平凡也有闪,2018-12-01
170,170,170,170,,米小圈上学记一年级,100.0,米小圈上学记一年级（套装共4册）,北猫,四川少儿出版社,637610.0,米小圈上学记一年级（套装共4册）,2018-04-01
171,171,171,171,,沉思录,19.0,沉思录,马可.奥勒留,中央编译出版社,384540.0,沉思录,2008-02-01
172,172,172,172,,爱的教育 快乐读书吧 六年级上册推荐阅读(中小学生课外阅读指导丛,18.4,爱的教育 快乐读书吧 六年级上册推荐阅读(中小学生课外阅读指导丛,亚米契斯,商务印书馆,9679.0,爱的教育 快乐读书吧 六年级上册推荐阅读(中小学生课外阅读指导丛,2020-06-01
173,173,173,173,,手不是用来打人的孩子多读就见效的习惯,77.2,手不是用来打人的（儿童好品德系列，全5册）孩子多读就见效的习惯,伊丽莎白·弗迪克,贵州教育出版社,454659.0,手不是用来打人的（儿童好品德系列，全5册）孩子多读就见效的习惯,2018-04-01
174,174,174,174,,好好说话：非暴力沟通幼儿版 ,45.6,好好说话：非暴力沟通幼儿版 [3-6岁],克里斯蒂娜·特巴尔,太白文艺出版社,20074.0,好好说话：非暴力沟通幼儿版 [3-6岁],2020-11-01
175,175,175,175,,霍乱时期的爱情,49.6,霍乱时期的爱情（《百年孤独》作者马尔克斯传世巨著，展示爱情的,哥伦比亚,南海出版公司,856802.0,霍乱时期的爱情（《百年孤独》作者马尔克斯传世巨著，展示爱情的,2020-03-01
176,176,176,176,,我们仨,21.0,我们仨（新版）,杨绛,生活.读书.新知三联书店,1565625.0,我们仨（新版）,2018-06-01
177,177,177,177,,动物农场,21.4,动物农场（乔治·奥威尔经典的讽喻之作 ，也译“动物庄园”，后附,乔治·奥威尔,时代文艺出版社,82619.0,动物农场（乔治·奥威尔经典的讽喻之作 ，也译“动物庄园”，后附,2018-03-01
178,178,178,178,,父与子全集,32.0,父与子全集（全彩版。一代幽默大师卜劳恩的爆笑暖心漫画）,埃·奥·卜劳恩,浙江工商大学出版社,141531.0,父与子全集（全彩版。一代幽默大师卜劳恩的爆笑暖心漫画）,2017-04-01
179,179,179,179,,早起的奇迹,39.8,早起的奇迹,哈尔·埃尔罗德,广东人民出版社,64729.0,早起的奇迹,2018-02-01
180,180,180,180,,童年 快乐读书吧 六年级上册推荐阅读(中小学生课外阅读指导丛书),12.2,童年 快乐读书吧 六年级上册推荐阅读(中小学生课外阅读指导丛书),高尔基,时代文艺出版社,332287.0,童年 快乐读书吧 六年级上册推荐阅读(中小学生课外阅读指导丛书),2021-06-01
181,181,181,181,,透过地理看历史,48.0,透过地理看历史,李不白,台海出版社,43092.0,透过地理看历史,2021-01-13
182,182,182,182,,作家榜：老人与海,39.8,作家榜：老人与海（董宇辉推荐版《老人与海》！作家鲁羊经典全译,海明威,浙江文艺出版社,311054.0,作家榜：老人与海（董宇辉推荐版《老人与海》！作家鲁羊经典全译,2017-02-20
183,183,183,183,,人间真趣,46.0,人间真趣,老舍,民主与建设出版社,860.0,人间真趣,2021-06-01
184,184,184,184,,文化苦旅,22.0,文化苦旅（余秋雨亲定版本，了解中国文化脉络的经典著作，三代人,余秋雨,北京联合出版有限公司,57866.0,文化苦旅（余秋雨亲定版本，了解中国文化脉络的经典著作，三代人,2020-05-01
185,185,185,185,,文化苦旅,49.8,文化苦旅（文化导师余秋雨开山之作，逐字修订！）,余秋雨,长江文艺出版社,693883.0,文化苦旅（文化导师余秋雨开山之作，逐字修订！）,2019-04-01
186,186,186,186,,神奇的逻辑思维游戏书,44.1,神奇的逻辑思维游戏书,索尼国际教育公司,北京日报出版社,304376.0,神奇的逻辑思维游戏书,2018-10-01
187,187,187,187,,长青藤国际大奖小说书系：想赢的男孩,13.4,长青藤国际大奖小说书系：想赢的男孩,杰里·斯皮内利,云南出版集团公司 晨光出版社,128984.0,长青藤国际大奖小说书系：想赢的男孩,2017-01-01
188,188,188,188,,昆虫记,16.5,昆虫记（语文教材“名著导读”经典·八年级上。内容更丰富版本：,亨利·法布尔,时代文艺出版社,227351.0,昆虫记（语文教材“名著导读”经典·八年级上。内容更丰富版本：,2017-09-01
189,189,189,189,,追风筝的人,45.0,追风筝的人（李雪琴、高圆圆动情推荐，《纽约时报》畅销书榜上榜,卡勒德·胡赛尼,上海人民出版社,1097769.0,追风筝的人（李雪琴、高圆圆动情推荐，《纽约时报》畅销书榜上榜,2006-05-01
190,190,190,190,,保重,35.0,保重（大冰小蓝书系列收官之作！就此别过，诸君保重。当当专享语,大冰,北京联合出版有限公司,310851.0,保重（大冰小蓝书系列收官之作！就此别过，诸君保重。当当专享语,2022-08-01
191,191,191,191,,半小时漫画中国史0,49.9,半小时漫画中国史0（中国历史从0开讲，从头到尾笑个不停！半小时,陈磊·半小时漫画团队,海南出版社,126398.0,半小时漫画中国史0（中国历史从0开讲，从头到尾笑个不停！半小时,2022-08-01
192,192,192,192,,不爱说话的十一岁·纽伯瑞儿童文学奖金奖,35.8,不爱说话的十一岁·纽伯瑞儿童文学奖金奖（写尽8~12岁孩子的心事,艾琳.恩瑞达.凯莉,文汇出版社,37891.0,不爱说话的十一岁·纽伯瑞儿童文学奖金奖（写尽8~12岁孩子的心事,2020-05-31
193,193,193,193,,人类简史：从动物到上帝,43.8,人类简史：从动物到上帝（第十届文津奖作品。颠覆认知，刷新世界,尤瓦尔·赫拉利,中信出版社,759884.0,人类简史：从动物到上帝（第十届文津奖作品。颠覆认知，刷新世界,2017-01-01
194,194,194,194,,我的第一本生物启蒙书：升级篇,34.8,我的第一本生物启蒙书：升级篇,冰河,中国和平出版社,1550.0,我的第一本生物启蒙书：升级篇,2022-07-01
195,195,195,195,,我的第一本化学启蒙书,49.8,我的第一本化学启蒙书,冰河,中国和平出版社,1932.0,我的第一本化学启蒙书,2022-07-01
196,196,196,196,,这世界很好，但你也不差,46.6,这世界很好，但你也不差（打破满意度低幸福感差，这世界真叫人疲,万特特,新世界出版社,84449.0,这世界很好，但你也不差（打破满意度低幸福感差，这世界真叫人疲,2021-08-01
197,197,197,197,,100层的房子系列,156.0,100层的房子系列（全4册，《100层的房子》+《地下100层的房子》+,岩井俊雄,北京科学技术出版社,270255.0,100层的房子系列（全4册，《100层的房子》+《地下100层的房子》+,2018-08-01
198,198,198,198,,我的第一本生物启蒙书：基础篇,34.8,我的第一本生物启蒙书：基础篇,冰河,中国和平出版社,1700.0,我的第一本生物启蒙书：基础篇,2022-07-01
199,199,199,199,,和爸爸一起科学启蒙绘本,117.0,和爸爸一起科学启蒙绘本（全8册+66个彩蛋，歪歪兔出品）,关航,海豚出版社,27115.0,和爸爸一起科学启蒙绘本（全8册+66个彩蛋，歪歪兔出品）,2021-10-01
200,200,200,200,,杨绛传：简朴的生活，高贵的灵魂,24.4,杨绛传：简朴的生活，高贵的灵魂（杨绛先生诞辰110周年纪念版）,梅子,民主与建设出版社,41428.0,杨绛传：简朴的生活，高贵的灵魂（杨绛先生诞辰110周年纪念版）,2020-06-01
201,201,201,201,,局外人·鼠疫,28.1,局外人·鼠疫（诺奖得主加缪两大代表作《局外人》《鼠疫》。翻译,﹝法﹞阿尔贝·加缪,时代文艺出版社,134463.0,局外人·鼠疫（诺奖得主加缪两大代表作《局外人》《鼠疫》。翻译,2018-01-01
202,202,202,202,,家庭的觉醒,46.4,家庭的觉醒,沙法丽,上海社会科学院出版社,18669.0,家庭的觉醒,2020-04-01
203,203,203,203,,喝月亮的女孩·纽伯瑞金奖,39.8,喝月亮的女孩·纽伯瑞金奖,凯莉·巴恩希尔,贵州人民出版社,55044.0,喝月亮的女孩·纽伯瑞金奖,2019-04-01
204,204,204,204,,和大人一起读一年级上册 语文教科书配套书目 人教版,29.85,和大人一起读（一至四册）一年级上册 语文教科书配套书目 人教版,曹文轩,人民教育出版社,295634.0,和大人一起读（一至四册）一年级上册 语文教科书配套书目 人教版,2019-08-01
205,205,205,205,,写给儿童的中国历史,276.9,写给儿童的中国历史（中国孩子的历史启蒙，真正写给孩子看的中国,陈卫平,新世界出版社,1029441.0,写给儿童的中国历史（中国孩子的历史启蒙，真正写给孩子看的中国,2014-04-01
206,206,206,206,,围城,36.0,围城,钱钟书,人民文学出版社,234360.0,围城,2017-06-01
207,207,207,207,,假如给我三天光明彩插无障碍阅读 智,19.2,假如给我三天光明（中小学生课外阅读指导丛书）彩插无障碍阅读 智,海伦,商务印书馆,10749.0,假如给我三天光明（中小学生课外阅读指导丛书）彩插无障碍阅读 智,2021-01-01
208,208,208,208,,宫西达也“神奇想象力”图画书,344.8,宫西达也“神奇想象力”图画书（超值礼盒装全23册，独家附赠2本图,宫西达也,青岛出版社,439796.0,宫西达也“神奇想象力”图画书（超值礼盒装全23册，独家附赠2本图,2022-06-01
209,209,209,209,,少年读山海经,98.0,少年读山海经（地理+神话+怪兽+奇闻+古文，套装 全3册，新老版本,刘兴诗,青岛出版社,46804.0,少年读山海经（地理+神话+怪兽+奇闻+古文，套装 全3册，新老版本,2021-10-01
210,210,210,210,,万物由来科学绘本 写给孩子的科普绘本,35.7,万物由来科学绘本 写给孩子的科普绘本,项华,北京联合出版有限公司,390549.0,万物由来科学绘本 写给孩子的科普绘本,2020-08-01
211,211,211,211,,解码青春期,44.5,解码青春期（了解青春期究竟发生了什么，帮助父母正面管教十几岁,乔希,湖南教育出版社,134295.0,解码青春期（了解青春期究竟发生了什么，帮助父母正面管教十几岁,2019-01-01
212,212,212,212,,古汉语常用字字典(第5版)新版商务印书馆 王力古汉语字典词典文言,34.0,古汉语常用字字典(第5版)新版商务印书馆 王力古汉语字典词典文言,王力,商务印书馆,503153.0,古汉语常用字字典(第5版)新版商务印书馆 王力古汉语字典词典文言,2016-04-01
213,213,213,213,,面纱,39.8,面纱（50岁时毛姆写下这个近乎完美的爱情故事，因为每个人都在故,毛姆,江西人民出版社,111933.0,面纱（50岁时毛姆写下这个近乎完美的爱情故事，因为每个人都在故,2016-05-04
214,214,214,214,,小英雄雨来 快乐读书吧 六年级上册推荐阅读(中小学生课外阅读指导,17.9,小英雄雨来 快乐读书吧 六年级上册推荐阅读(中小学生课外阅读指导,管桦,商务印书馆,15140.0,小英雄雨来 快乐读书吧 六年级上册推荐阅读(中小学生课外阅读指导,2020-06-01
215,215,215,215,,沧浪之水,49.0,沧浪之水（某瓣8.5分，入围茅盾文学奖。职场小白、考公人的启蒙之,阎真,北京十月文艺出版社,138313.0,沧浪之水（某瓣8.5分，入围茅盾文学奖。职场小白、考公人的启蒙之,2021-07-01
216,216,216,216,,梁实秋：可能这就是人生吧,19.8,梁实秋：可能这就是人生吧（十点读书推荐，文学泰斗梁实秋趣味散,梁实秋,中国友谊出版公司,96893.0,梁实秋：可能这就是人生吧（十点读书推荐，文学泰斗梁实秋趣味散,2020-08-01
217,217,217,217,,水浒传,50.6,水浒传（上下册，全两册，中国古典文学读本丛书）（团购电话:400,施耐庵,人民文学出版社,263799.0,水浒传（上下册，全两册，中国古典文学读本丛书）（团购电话:400,2004-09-01
218,218,218,218,,人间小满,55.1,人间小满（央视网推荐作者！姑苏阿焦首部作品 萌猫手绘明信片全套,姑苏阿焦,水利水电出版社,13459.0,人间小满（央视网推荐作者！姑苏阿焦首部作品 萌猫手绘明信片全套,2022-09-01
219,219,219,219,,大宇宙  和爸妈游太空  给孩子的手绘天文绘本,67.9,大宇宙  和爸妈游太空  给孩子的手绘天文绘本,马劲,北京联合出版有限公司,221643.0,大宇宙  和爸妈游太空  给孩子的手绘天文绘本,2020-03-23
220,220,220,220,,断舍离宫崎骏、张德芬、李冰冰,45.0,断舍离（2019新版，全新修订50%以上内容）宫崎骏、张德芬、李冰冰,山下英子,湖南文艺出版社,364928.0,断舍离（2019新版，全新修订50%以上内容）宫崎骏、张德芬、李冰冰,2019-01-11
221,221,221,221,,昆虫记八年级上册推荐阅读 人民文学出版,26.0,昆虫记（《语文》推荐阅读丛书）八年级上册推荐阅读 人民文学出版,亨利·法布尔,人民文学出版社,113579.0,昆虫记（《语文》推荐阅读丛书）八年级上册推荐阅读 人民文学出版,2018-05-01
222,222,222,222,,基层女性,34.4,基层女性,王慧玲,中国友谊出版公司,27585.0,基层女性,2021-07-31
223,223,223,223,,致我独一无二的宝贝,40.1,致我独一无二的宝贝（父母写给孩子的人生情书，一份以爱为名义的,沙尼·金,湖南美术出版社,102440.0,致我独一无二的宝贝（父母写给孩子的人生情书，一份以爱为名义的,2020-10-14
224,224,224,224,,绝叫,58.0,绝叫（罗翔推荐，长达四十年的恶女编年史，日本文学社会派推理小,叶真中显,北京联合出版有限公司,80868.0,绝叫（罗翔推荐，长达四十年的恶女编年史，日本文学社会派推理小,2020-07-01
225,225,225,225,,蛙,49.0,蛙（茅盾文学奖获奖作品，诺奖得主莫言畅销不衰的代表作；书写计,莫言,浙江文艺出版社,133590.0,蛙（茅盾文学奖获奖作品，诺奖得主莫言畅销不衰的代表作；书写计,2020-03-01
226,226,226,226,,海蒂,21.1,海蒂（又译《小海蒂》，瑞士经典童话，汲取人性光辉，给孩子温馨,约翰娜·斯比丽,辽宁少年儿童出版社,33354.0,海蒂（又译《小海蒂》，瑞士经典童话，汲取人性光辉，给孩子温馨,2019-09-09
227,227,227,227,,局外人,22.0,局外人（加缪作品）,阿尔贝·加缪,上海译文出版社,122229.0,局外人（加缪作品）,2013-08-01
228,228,228,228,,傲慢与偏见 世界名著典藏,17.0,傲慢与偏见 世界名著典藏,奥斯丁,中央编译出版社,154102.0,傲慢与偏见 世界名著典藏,2015-04-01
229,229,229,229,,纳瓦尔宝典：从白手起家到财务自由，硅谷知名天使投资人纳瓦尔智,44.2,纳瓦尔宝典：从白手起家到财务自由，硅谷知名天使投资人纳瓦尔智,埃里克·乔根森,中信出版社,33671.0,纳瓦尔宝典：从白手起家到财务自由，硅谷知名天使投资人纳瓦尔智,2022-05-31
230,230,230,230,,干法,49.0,干法（平装本）,稻盛和夫,机械工业出版社,139038.0,干法（平装本）,2021-07-01
231,231,231,231,,草房子：六年级推荐课外阅读书/曹文轩纯美小说系列,22.0,草房子：六年级推荐课外阅读书/曹文轩纯美小说系列,曹文轩,江苏凤凰少年儿童出版社,524976.0,草房子：六年级推荐课外阅读书/曹文轩纯美小说系列,2016-04-01
232,232,232,232,,暮色将尽,49.8,暮色将尽,戴安娜·阿西尔,四川人民出版社,4861.0,暮色将尽,2022-07-01
233,233,233,233,,养育男孩,39.8,养育男孩（典藏版）,史蒂夫·比达尔夫,中信出版社,603121.0,养育男孩（典藏版）,2019-09-10
234,234,234,234,,童年,9.8,童年（小学语文“快乐读书吧”·六年级上阅读，高尔基自传体三部,高尔基,浙江工商大学出版社,225131.0,童年（小学语文“快乐读书吧”·六年级上阅读，高尔基自传体三部,2017-08-01
235,235,235,235,,古文观止,46.3,古文观止（上下册，原文+导读+注释+翻译，特别适合青少年）,吴楚材,浙江教育出版社,278952.0,古文观止（上下册，原文+导读+注释+翻译，特别适合青少年）,2016-09-01
236,236,236,236,,国际大奖小说--桥下一家人,20.0,国际大奖小说--桥下一家人,纳塔莉·萨维奇·卡尔森,新蕾出版社,3536.0,国际大奖小说--桥下一家人,2021-08-01
237,237,237,237,,崔玉涛育儿百科,178.0,崔玉涛育儿百科,崔玉涛,中信出版社,120099.0,崔玉涛育儿百科,2018-12-31
238,238,238,238,,茅盾文学奖获奖作品：人世间,154.7,茅盾文学奖获奖作品：人世间（第十届茅盾文学奖获奖作品，雷佳音,梁晓声,中国青年出版社,124170.0,茅盾文学奖获奖作品：人世间（第十届茅盾文学奖获奖作品，雷佳音,2017-11-01
239,239,239,239,,火的历史,30.4,火的历史（“写给孩子的身边事物简史”丛书之一，歪歪兔童书馆出,歪歪兔童书馆,海豚出版社,1736.0,火的历史（“写给孩子的身边事物简史”丛书之一，歪歪兔童书馆出,2019-06-26
240,240,240,240,,国际大奖小说--追踪真相,16.0,国际大奖小说--追踪真相,苏姬·摩根斯坦,新蕾出版社,927.0,国际大奖小说--追踪真相,2022-07-01
241,241,241,241,,龙猫,49.0,龙猫（宫崎骏代表作首次授权。吉卜力官方授权唯一简体中文版绘本,宫崎骏,北京联合出版有限公司,50770.0,龙猫（宫崎骏代表作首次授权。吉卜力官方授权唯一简体中文版绘本,2020-12-01
242,242,242,242,,中国国家地理精华 图说天下 国家地理,13.9,中国国家地理精华 图说天下 国家地理,图说天下.国家地理,北京联合出版公司,50229.0,中国国家地理精华 图说天下 国家地理,2012-06-01
243,243,243,243,,心 稻盛和夫的一生嘱托,59.0,心 稻盛和夫的一生嘱托,稻盛和夫,人民邮电出版社,197593.0,心 稻盛和夫的一生嘱托,2020-04-01
244,244,244,244,,养育女孩,39.8,养育女孩（新版）,史蒂夫·比达尔夫,中信出版社,509744.0,养育女孩（新版）,2020-03-23
245,245,245,245,,和爸妈游中国 给孩子的手绘中国地理绘本,67.9,和爸妈游中国 给孩子的手绘中国地理绘本,黄宇,明天出版社,167738.0,和爸妈游中国 给孩子的手绘中国地理绘本,2019-09-01
246,246,246,246,,业力管理：善用业力法则创造富足人生,36.0,业力管理：善用业力法则创造富足人生（团购，请致电400-106-6666,麦克·罗奇,华文出版社,57668.0,业力管理：善用业力法则创造富足人生（团购，请致电400-106-6666,2018-01-01
247,247,247,247,,人间失格,10.1,人间失格（日本小说家太宰治代表作，一个对村上春树影响至深的绝,太宰治,作家出版社,2209365.0,人间失格（日本小说家太宰治代表作，一个对村上春树影响至深的绝,2015-08-01
248,248,248,248,,没头脑和不高兴,15.0,没头脑和不高兴（注音版）,任溶溶,浙江少年儿童出版社,477722.0,没头脑和不高兴（注音版）,2021-08-01
249,249,249,249,,苏菲的世界八年级阅读乔斯坦贾德哲学入门书作家出版,22.8,苏菲的世界（平装新版）八年级阅读乔斯坦贾德哲学入门书作家出版,乔斯坦·贾德,作家出版社,407573.0,苏菲的世界（平装新版）八年级阅读乔斯坦贾德哲学入门书作家出版,2017-09-19
250,250,250,250,,红星照耀中国  青少版 八年级上册 人民文学出版社 团购电话40010,33.0,红星照耀中国  青少版 八年级上册 人民文学出版社 团购电话40010,埃德加·斯诺,人民文学出版社,798656.0,红星照耀中国  青少版 八年级上册 人民文学出版社 团购电话40010,2017-06-01
251,251,251,251,,心理营养:林文采博士的亲子教育课,40.7,心理营养:林文采博士的亲子教育课,林文采,上海社会科学院出版社,103475.0,心理营养:林文采博士的亲子教育课,2016-03-01
252,252,252,252,,致女儿书,24.1,致女儿书,王朔,北京十月文艺出版社,53902.0,致女儿书,2015-03-01
253,253,253,253,,罪与罚,40.6,罪与罚（“俄罗斯文学天才”陀思妥耶夫斯基成名之作，人能从洁白,陀思妥耶夫斯基,台海出版社,65551.0,罪与罚（“俄罗斯文学天才”陀思妥耶夫斯基成名之作，人能从洁白,2020-09-01
254,254,254,254,,小猪唏哩呼噜(注音版上下),40.0,小猪唏哩呼噜(注音版上下),孙幼军,春风文艺出版社,650302.0,小猪唏哩呼噜(注音版上下),2021-11-01
255,255,255,255,,千与千寻,56.2,千与千寻（宫崎骏作品。日本上映20周年特别纪念！）,宫崎骏原作,北京联合出版有限公司,54368.0,千与千寻（宫崎骏作品。日本上映20周年特别纪念！）,2021-06-01
256,256,256,256,,浮生六记,27.9,浮生六记（全译全注精装版，冰心奖获得者、青年女诗人徐小泓柔情,沈复,广东人民出版社,19397.0,浮生六记（全译全注精装版，冰心奖获得者、青年女诗人徐小泓柔情,2020-09-01
257,257,257,257,,心流：最优体验心理学,28.5,心流：最优体验心理学,米哈里·契克森米哈赖,中信出版社,131050.0,心流：最优体验心理学,2017-12-01
258,258,258,258,,邂逅中国 走遍中国 图说天下 国家地理 套装共5册,84.6,邂逅中国 走遍中国 图说天下 国家地理 套装共5册[精选套装],赵晓玉,北京联合出版公司,47990.0,邂逅中国 走遍中国 图说天下 国家地理 套装共5册[精选套装],2017-11-01
259,259,259,259,,中华人民共和国民法典注释本,47.6,【2022年新版】中华人民共和国民法典注释本（第二版）（百姓实用,法律出版社法规中心,法律出版社,12534.0,【2022年新版】中华人民共和国民法典注释本（第二版）（百姓实用,2022-06-01
260,260,260,260,,华夏万卷 楷书入门6件套 楷书字帖田英章书钢笔字帖成人学生硬笔书,56.1,华夏万卷 楷书入门6件套 楷书字帖田英章书钢笔字帖成人学生硬笔书,田英章,上海交通大学出版社,117385.0,华夏万卷 楷书入门6件套 楷书字帖田英章书钢笔字帖成人学生硬笔书,2018-12-01
261,261,261,261,,十二生肖的故事——首届丰子恺儿童图画书奖得主  赖马作品！,45.8,十二生肖的故事——首届丰子恺儿童图画书奖得主  赖马作品！,赖马,河北教育出版社,174084.0,十二生肖的故事——首届丰子恺儿童图画书奖得主  赖马作品！,2020-03-28
262,262,262,262,,瓦尔登湖,49.9,瓦尔登湖（2019版）（央视朗读者第二期朗读书目，清华大学校长邱,亨利·戴维·梭罗,天津人民出版社,63523.0,瓦尔登湖（2019版）（央视朗读者第二期朗读书目，清华大学校长邱,2019-04-01
263,263,263,263,,柴郡猫传奇,22.8,柴郡猫传奇,卡门·阿格拉·迪地,贵州人民出版社,476.0,柴郡猫传奇,2019-04-01
264,264,264,264,,瓦尔登湖,21.3,瓦尔登湖（瓦尔登湖畔，不只是身体的栖息之所，更是精神的沉思之,亨利戴维梭罗,作家出版社,240175.0,瓦尔登湖（瓦尔登湖畔，不只是身体的栖息之所，更是精神的沉思之,2015-12-01
265,265,265,265,,爱，需要学习,49.0,爱，需要学习（为中国式亲密关系度身定制的实践指南，心理学者陈,陈海贤,新星出版社,35318.0,爱，需要学习（为中国式亲密关系度身定制的实践指南，心理学者陈,2022-01-05
266,266,266,266,,国际大奖小说--波普先生的企鹅,16.8,国际大奖小说--波普先生的企鹅,理查德·阿特沃特,新蕾出版社,2128.0,国际大奖小说--波普先生的企鹅,2022-01-01
267,267,267,267,,等一朵花开,68.0,等一朵花开（国民漫画家小林代表作）,林帝浣,浙江文艺出版社,102128.0,等一朵花开（国民漫画家小林代表作）,2020-06-01
268,268,268,268,,走遍中国 图说天下 寻梦之旅,25.4,走遍中国 图说天下 寻梦之旅,霍晨昕,四川人民出版社,509610.0,走遍中国 图说天下 寻梦之旅,2019-02-01
269,269,269,269,,当我谈跑步时，我谈些什么,36.0,当我谈跑步时，我谈些什么（2015典藏版）,村上春树,南海出版公司,221054.0,当我谈跑步时，我谈些什么（2015典藏版）,2015-10-01
270,270,270,270,,在教室说错了没关系,36.0,在教室说错了没关系,莳田晋至,青岛出版社,399203.0,在教室说错了没关系,2017-02-01
271,271,271,271,,书的全景：通往幸福、成功、财富的地图,89.0,书的全景：通往幸福、成功、财富的地图,池宇峰,中译出版社（原中国对外翻译出版公司）,31489.0,书的全景：通往幸福、成功、财富的地图,2022-04-01
272,272,272,272,,嘭，一个大大的梨,78.0,嘭，一个大大的梨,雅各布·马丁·斯特里德,贵州人民出版社,5953.0,嘭，一个大大的梨,2016-07-01
273,273,273,273,,大侦探福尔摩斯,111.7,大侦探福尔摩斯（第1辑）（全6册）,柯南·道尔,湖北教育出版社,185831.0,大侦探福尔摩斯（第1辑）（全6册）,2018-02-01
274,274,274,274,,亲密关系,88.4,亲密关系（第6版）,罗兰·米勒,人民邮电出版社,106814.0,亲密关系（第6版）,2015-07-01
275,275,275,275,,蒙曼女性诗词课 哲妇,59.8,蒙曼女性诗词课 哲妇（继《蒙曼品最美唐诗》之后，中国诗词大会嘉,蒙曼,湖南文艺出版社,2436.0,蒙曼女性诗词课 哲妇（继《蒙曼品最美唐诗》之后，中国诗词大会嘉,2022-09-15
276,276,276,276,,沈从文：到日光下去生活,44.1,沈从文：到日光下去生活（今天也要好好过。到日光下去，去找到你,沈从文,中国致公出版社,67656.0,沈从文：到日光下去生活（今天也要好好过。到日光下去，去找到你,2021-08-01
277,277,277,277,,好好吃的水果蔬菜：全3册,117.0,好好吃的水果蔬菜：全3册（从辅食期就应该看的“下饭”玩具书、纸,木下惠,长江少年儿童出版社,31350.0,好好吃的水果蔬菜：全3册（从辅食期就应该看的“下饭”玩具书、纸,2020-11-18
278,278,278,278,,月亮和六便士,23.0,月亮和六便士（毛姆代表作之一，全新导读+无删节详注版）,毛姆,时代文艺出版社,604716.0,月亮和六便士（毛姆代表作之一，全新导读+无删节详注版）,2017-09-01
279,279,279,279,,中国古代异闻录,55.1,中国古代异闻录,呼延云,浙江人民出版社,2711.0,中国古代异闻录,2022-05-01
280,280,280,280,,老人与海,15.5,老人与海,海明威,山西人民出版社发行部,13345.0,老人与海,2022-02-01
281,281,281,281,,花婆婆——清华附小推荐的经典绘本！美国国家图书奖作品！,39.8,花婆婆——清华附小推荐的经典绘本！美国国家图书奖作品！,芭芭拉库尼,河北教育出版社,541378.0,花婆婆——清华附小推荐的经典绘本！美国国家图书奖作品！,2019-11-11
282,282,282,282,,我喜欢自己——邓超微博推荐的绘本 带给孩子更多勇气和自信的绘本,35.8,我喜欢自己——邓超微博推荐的绘本 带给孩子更多勇气和自信的绘本,南希·卡尔森,河北教育出版社,458242.0,我喜欢自己——邓超微博推荐的绘本 带给孩子更多勇气和自信的绘本,2019-11-01
283,283,283,283,,孔子来了！—论语可以这样读,125.4,孔子来了！—论语可以这样读（孔子真有趣！在捧腹大笑间读懂《论,大梁如姬,海豚出版社,7488.0,孔子来了！—论语可以这样读（孔子真有趣！在捧腹大笑间读懂《论,2022-04-01
284,284,284,284,,新版林格伦作品选集·美绘版—— 长袜子皮皮,21.0,新版林格伦作品选集·美绘版—— 长袜子皮皮,阿斯特丽德·林格伦,中国少年儿童出版社,280125.0,新版林格伦作品选集·美绘版—— 长袜子皮皮,2021-08-01
285,285,285,285,,小狗钱钱,39.8,小狗钱钱（附赠免费亲子财商课+理财秘籍思维导图）,博多·舍费尔,中信出版社,332359.0,小狗钱钱（附赠免费亲子财商课+理财秘籍思维导图）,2021-01-20
286,286,286,286,,乌合之众,25.2,乌合之众,古斯塔夫·勒庞,中国妇女出版社,53924.0,乌合之众,2017-10-01
287,287,287,287,,小兔子学花钱系列：3~7岁财商启蒙，学花钱、学,171.2,小兔子学花钱系列（完整版·全4册）：3~7岁财商启蒙，学花钱、学,辛德斯·麦克劳德,河南文艺出版社,170633.0,小兔子学花钱系列（完整版·全4册）：3~7岁财商启蒙，学花钱、学,2021-09-09
288,288,288,288,,信谊世界精选图画书-爷爷一定有办法,42.8,【新版】信谊世界精选图画书-爷爷一定有办法,菲比·吉尔曼,明天出版社,84611.0,【新版】信谊世界精选图画书-爷爷一定有办法,2013-04-01
289,289,289,289,,白鹿原,23.1,白鹿原（全书含陈忠实代表作白鹿原+信任+蚕儿+霞光灿烂的早晨，央,陈忠实,作家出版社,154471.0,白鹿原（全书含陈忠实代表作白鹿原+信任+蚕儿+霞光灿烂的早晨，央,2019-03-28
290,290,290,290,,秘密,50.4,秘密（经典身心灵励志读物，为人生带来喜悦转变的能量之书，“吸,朗达·拜恩,湖南文艺出版社,229050.0,秘密（经典身心灵励志读物，为人生带来喜悦转变的能量之书，“吸,2018-05-01
291,291,291,291,,神奇校车·动画版,118.0,神奇校车·动画版（全10册）,乔安娜柯尔,贵州人民出版社,541177.0,神奇校车·动画版（全10册）,2011-04-05
292,292,292,292,,父与子全集 彩色注音版小学生课外阅读书籍一二年级带拼音绘本儿童,25.1,父与子全集 彩色注音版小学生课外阅读书籍一二年级带拼音绘本儿童,埃·奥·卜劳恩,北京燕山出版社,42691.0,父与子全集 彩色注音版小学生课外阅读书籍一二年级带拼音绘本儿童,2018-05-01
293,293,293,293,,森林报 春/夏/秋/冬,77.5,森林报 春/夏/秋/冬（以报刊纪实的手法，给孩子生动地讲述四季中,比安基,安徽教育出版社,119990.0,森林报 春/夏/秋/冬（以报刊纪实的手法，给孩子生动地讲述四季中,2019-01-01
294,294,294,294,,简爱,25.3,简爱（英国女作家夏洛蒂·勃朗特的长篇小说，翻译家宋兆霖未删节,夏洛蒂勃朗特,作家出版社,273738.0,简爱（英国女作家夏洛蒂·勃朗特的长篇小说，翻译家宋兆霖未删节,2015-08-01
295,295,295,295,,2022年 中国+世界地图挂图 反复擦写 防水地图环保塑料材质 水晶地,117.3,2022年 中国+世界地图挂图 反复擦写 防水地图环保塑料材质 水晶地,中国地图出版社,中国地图出版社,10939.0,2022年 中国+世界地图挂图 反复擦写 防水地图环保塑料材质 水晶地,2021-12-01
296,296,296,296,,原则：桥水创始人瑞达利欧作品，半个金融圈、投资界、管理层都在,63.4,原则：桥水创始人瑞达利欧作品，半个金融圈、投资界、管理层都在,瑞·达利欧,中信出版社,337053.0,原则：桥水创始人瑞达利欧作品，半个金融圈、投资界、管理层都在,2018-01-01
297,297,297,297,,学会管自己幼儿版-歪歪兔自控力教育系列绘本,68.6,学会管自己幼儿版-歪歪兔自控力教育系列绘本（全10册，幼儿园情绪,歪歪兔关键期早教项目组,海豚出版社,227734.0,学会管自己幼儿版-歪歪兔自控力教育系列绘本（全10册，幼儿园情绪,2017-06-01
298,298,298,298,,人间椅子：江户川乱步猎奇篇,49.9,人间椅子：江户川乱步猎奇篇（日式惊悚天花板，阴冷诡异得令人心,江户川乱步,江苏凤凰文艺出版社,5304.0,人间椅子：江户川乱步猎奇篇（日式惊悚天花板，阴冷诡异得令人心,2022-08-30
299,299,299,299,,国际大奖小说--蓝色的海豚岛,17.4,国际大奖小说--蓝色的海豚岛,斯·奥台尔,新蕾出版社,1225.0,国际大奖小说--蓝色的海豚岛,2022-07-01
300,300,300,300,,大中华寻宝系列29 内蒙古寻宝记,22.75,【赠明信片】大中华寻宝系列29 内蒙古寻宝记,京鼎动漫,二十一世纪出版社,53860.0,【赠明信片】大中华寻宝系列29 内蒙古寻宝记,2022-04-01
301,301,301,301,,人间食粮,34.9,人间食粮（诺贝尔文学奖得主作品，萨特、加缪的精神导师。李玉民,安德烈·纪德,中国友谊出版公司,4916.0,人间食粮（诺贝尔文学奖得主作品，萨特、加缪的精神导师。李玉民,2021-04-01
302,302,302,302,,中文分级阅读K2 阿凡提的故事,39.8,中文分级阅读K2 阿凡提的故事（亲近母语）,赵世杰,江苏凤凰文艺出版社,48885.0,中文分级阅读K2 阿凡提的故事（亲近母语）,2020-09-01
303,303,303,303,,汪曾祺家人闲坐，灯火可亲 散文集 愿你有家可回，有人可等。三餐,42.8,汪曾祺家人闲坐，灯火可亲 散文集 愿你有家可回，有人可等。三餐,汪曾祺,光明日报出版社,126929.0,汪曾祺家人闲坐，灯火可亲 散文集 愿你有家可回，有人可等。三餐,2020-04-10
304,304,304,304,,营销管理,102.7,【2022年新版】营销管理（第16版，现代营销学之父菲利普·科特勒,菲利普·科特勒,中信出版社,2324.0,【2022年新版】营销管理（第16版，现代营销学之父菲利普·科特勒,2022-09-30
305,305,305,305,,漫画历史线 轻松学古文1-5,151.3,漫画历史线 轻松学古文1-5（套装共5册）,戴建业,黑龙江美术出版社,51611.0,漫画历史线 轻松学古文1-5（套装共5册）,2021-04-12
306,306,306,306,,是谁嗯嗯在我的头上——邓超微博推荐的绘本 带给孩子更多勇气和自,39.8,是谁嗯嗯在我的头上——邓超微博推荐的绘本 带给孩子更多勇气和自,维尔纳霍·尔茨瓦特,河北教育出版社,311249.0,是谁嗯嗯在我的头上——邓超微博推荐的绘本 带给孩子更多勇气和自,2019-11-01
307,307,307,307,,长青藤国际大奖小说书系：小兔子桑德拉,24.0,长青藤国际大奖小说书系：小兔子桑德拉,门得特·德琼,云南出版集团公司 晨光出版社,4389.0,长青藤国际大奖小说书系：小兔子桑德拉,2019-01-01
308,308,308,308,,小翅膀,29.8,小翅膀（中国好书，桂冠童书，全国优秀儿童文学奖）,周晓枫,作家出版社,13019.0,小翅膀（中国好书，桂冠童书，全国优秀儿童文学奖）,2018-09-01
309,309,309,309,,月亮与六便士,38.3,月亮与六便士（精装典藏版，未删节全译+详细详注+12幅高更画作+1,毛姆,时代文艺出版社,115833.0,月亮与六便士（精装典藏版，未删节全译+详细详注+12幅高更画作+1,2019-06-01
310,310,310,310,,湘行散记：沈从文散文精粹,28.5,湘行散记：沈从文散文精粹（沈从文代表作）,沈从文,中国友谊出版公司,63845.0,湘行散记：沈从文散文精粹（沈从文代表作）,2019-04-01
311,311,311,311,,一读就会用的分类成语故事,351.0,一读就会用的分类成语故事（把成语用起来！随书附赠价值99元在线,歪歪兔童书馆,海豚出版社,49975.0,一读就会用的分类成语故事（把成语用起来！随书附赠价值99元在线,2020-05-01
312,312,312,312,,DK博物大百科——自然界的视觉盛宴,389.3,DK博物大百科——自然界的视觉盛宴,英国DK公司,科学普及出版社,216828.0,DK博物大百科——自然界的视觉盛宴,2018-09-01
313,313,313,313,,信谊世界精选图画书-我的情绪小怪兽,49.8,信谊世界精选图画书-我的情绪小怪兽,安娜·耶纳斯,明天出版社,162008.0,信谊世界精选图画书-我的情绪小怪兽,2016-12-01
314,314,314,314,,罗尔德达尔 作品典藏 好心眼儿巨人,25.0,罗尔德达尔 作品典藏 好心眼儿巨人（电影《圆梦巨人》改编自好心,罗尔德·达尔,明天出版社,127634.0,罗尔德达尔 作品典藏 好心眼儿巨人（电影《圆梦巨人》改编自好心,2009-03-01
315,315,315,315,,爸爸的声音  最好的胎教,39.8,爸爸的声音  最好的胎教（汉竹）,汉竹,江苏科学技术出版社,161834.0,爸爸的声音  最好的胎教（汉竹）,2016-01-01
316,316,316,316,,荒原狼,40.6,荒原狼（比肩《尤利西斯》，纯正德文直译，无删减完整版。）,赫尔曼·黑塞,台海出版社,21102.0,荒原狼（比肩《尤利西斯》，纯正德文直译，无删减完整版。）,2020-04-01
317,317,317,317,,丛林故事(中小学生课外阅读指导丛书)无障碍阅读 彩插励志版 4200,20.4,丛林故事(中小学生课外阅读指导丛书)无障碍阅读 彩插励志版 4200,鲁德亚德,南方出版社,9836.0,丛林故事(中小学生课外阅读指导丛书)无障碍阅读 彩插励志版 4200,2017-12-01
318,318,318,318,,这就是二十四节气：升级版 全四册(文津图书奖获奖图书，请认准正,150.0,这就是二十四节气：升级版 全四册(文津图书奖获奖图书，请认准正,高春香,海豚出版社,717451.0,这就是二十四节气：升级版 全四册(文津图书奖获奖图书，请认准正,2019-11-01
319,319,319,319,,深见春夫超级想象力图画书,231.7,深见春夫超级想象力图画书（全15册）,深见春夫,电子工业出版社,208747.0,深见春夫超级想象力图画书（全15册）,2019-05-15
320,320,320,320,,米小圈脑筋急转弯,51.2,米小圈脑筋急转弯（第一辑）（套装共4册）,北猫,四川少年儿童出版社,666510.0,米小圈脑筋急转弯（第一辑）（套装共4册）,2016-01-01
321,321,321,321,,《成语大词典》,36.1,《成语大词典》（新修订版·双色本）,商务印书馆国际公司辞书,商务印书馆国际有限公司,34035.0,《成语大词典》（新修订版·双色本）,2021-08-03
322,322,322,322,,思考，快与慢,44.4,思考，快与慢（团购电话400-106-6666转6）,丹尼尔·卡尼曼,中信出版社,298606.0,思考，快与慢（团购电话400-106-6666转6）,2012-07-01
323,323,323,323,,臣服实验,29.5,臣服实验（当当专享赠送设计师排版中英金句小册子）,迈克·A,南京大学出版社,39737.0,臣服实验（当当专享赠送设计师排版中英金句小册子）,2019-01-01
324,324,324,324,,五号屠场,59.9,五号屠场（世界禁书top1，来自地狱的笑话集！这场灾难永远地改变,库尔特·冯内古特,河南文艺出版社,10696.0,五号屠场（世界禁书top1，来自地狱的笑话集！这场灾难永远地改变,2022-05-31
325,325,325,325,,作家榜：父与子全集·拼音故事版,99.0,作家榜：父与子全集·拼音故事版（郑渊洁推荐版！1115幅原版漫画,埃·奥·卜劳恩,浙江文艺出版社,228285.0,作家榜：父与子全集·拼音故事版（郑渊洁推荐版！1115幅原版漫画,2019-11-28
326,326,326,326,,如何杀死我最好的朋友,42.0,如何杀死我最好的朋友（豆瓣 ONE知乎超人气作家 “金句大神”宋小,宋小君,中国友谊出版公司,19979.0,如何杀死我最好的朋友（豆瓣 ONE知乎超人气作家 “金句大神”宋小,2022-01-01
327,327,327,327,,秘密花园人民文学出版社,23.4,秘密花园（《语文》阅读丛书）人民文学出版社,弗朗西丝·伯内特,人民文学出版社,28146.0,秘密花园（《语文》阅读丛书）人民文学出版社,2018-04-01
328,328,328,328,,身边的科学,66.6,身边的科学（日本儿童生活能力培养百科全书）,小石新八,水利水电出版社,137517.0,身边的科学（日本儿童生活能力培养百科全书）,2014-05-01
329,329,329,329,,我这么自律，就是为了不平庸至死,9.6,我这么自律，就是为了不平庸至死,怀左同学,北京联合出版有限公司,86200.0,我这么自律，就是为了不平庸至死,2018-04-09
330,330,330,330,,国际大奖小说--黑珍珠,25.0,国际大奖小说--黑珍珠,斯·奥台尔,新蕾出版社,938.0,国际大奖小说--黑珍珠,2021-11-01
331,331,331,331,,沉默的大多数,59.0,沉默的大多数（爱智慧、爱自由、反对愚蠢，读王小波的“上头之选,王小波,北京十月文艺出版社,354800.0,沉默的大多数（爱智慧、爱自由、反对愚蠢，读王小波的“上头之选,2021-01-01
332,332,332,332,,苏东坡传：青少插图版,48.0,苏东坡传：青少插图版,林语堂,湖南少年儿童出版社,698814.0,苏东坡传：青少插图版,2020-03-10
333,333,333,333,,城南旧事人民文学出版社,25.0,城南旧事（《语文》阅读丛书）人民文学出版社,林海音,人民文学出版社,65512.0,城南旧事（《语文》阅读丛书）人民文学出版社,2018-05-01
334,334,334,334,,社会心理学,82.0,社会心理学（第11版）,戴维·迈尔斯,人民邮电出版社,265381.0,社会心理学（第11版）,2016-01-01
335,335,335,335,,八次危机：中国的真实经验1949-2009,37.0,八次危机：中国的真实经验1949-2009,温铁军,东方出版社,89930.0,八次危机：中国的真实经验1949-2009,2013-01-01
336,336,336,336,,童年 快乐读书吧 六年级上册推荐阅读(中小学生课外阅读指导丛书),16.7,童年 快乐读书吧 六年级上册推荐阅读(中小学生课外阅读指导丛书),高尔基,商务印书馆,10109.0,童年 快乐读书吧 六年级上册推荐阅读(中小学生课外阅读指导丛书),2020-06-01
337,337,337,337,,崖上的波妞,56.2,崖上的波妞（宫崎骏作品。吉卜力官方唯一简体中文版。）,宫崎骏,北京联合出版有限公司,4536.0,崖上的波妞（宫崎骏作品。吉卜力官方唯一简体中文版。）,2022-08-01
338,338,338,338,,波西和皮普新4册赠同款名字贴套装0-3岁低,42.9,波西和皮普新4册赠同款名字贴套装（小小聪明豆系列绘本）0-3岁低,阿克塞尔·舍夫勒,外语教学与研究出版社,8508.0,波西和皮普新4册赠同款名字贴套装（小小聪明豆系列绘本）0-3岁低,2022-05-01
339,339,339,339,,这么好玩的物理 我是学霸 给孩子的物理启蒙科普绘本,41.1,这么好玩的物理 我是学霸 给孩子的物理启蒙科普绘本,项华,北京联合出版有限公司,99700.0,这么好玩的物理 我是学霸 给孩子的物理启蒙科普绘本,2021-11-01
340,340,340,340,,新版·长青藤国际大奖小说书系——兔子坡,16.0,新版·长青藤国际大奖小说书系——兔子坡,罗伯特·罗素,云南出版集团公司 晨光出版社,19217.0,新版·长青藤国际大奖小说书系——兔子坡,2019-06-01
341,341,341,341,,安徒生童话精选人民文学出版社,26.0,安徒生童话精选（《语文》推荐阅读丛书）人民文学出版社,安徒生,人民文学出版社,21541.0,安徒生童话精选（《语文》推荐阅读丛书）人民文学出版社,2018-04-01
342,342,342,342,,金奖好书 小学生必背古诗词75+80首全国通用1-6年级含统编版人教版,26.6,金奖好书 小学生必背古诗词75+80首全国通用1-6年级含统编版人教版,说词解字辞书研究中心,华语教学出版社,461750.0,金奖好书 小学生必背古诗词75+80首全国通用1-6年级含统编版人教版,2014-02-01
343,343,343,343,,四五快读 全彩图升级版——幼儿快速识字阅读法(让孩子爱,133.8,四五快读 全彩图升级版——幼儿快速识字阅读法（全8册）(让孩子爱,杨其铎,湖南科技出版社,501304.0,四五快读 全彩图升级版——幼儿快速识字阅读法（全8册）(让孩子爱,2012-02-01
344,344,344,344,,小侦探找一找：法国知名插画师奥利维耶·塔莱克经典情,92.0,小侦探找一找（全三册）：法国知名插画师奥利维耶·塔莱克经典情,奥利维耶·塔莱克,上海文化出版社,727.0,小侦探找一找（全三册）：法国知名插画师奥利维耶·塔莱克经典情,2022-08-01
345,345,345,345,,三国演义 青少插图版 中小学生无障碍阅读 生僻字注音+注释+注解 ,15.8,三国演义 青少插图版 中小学生无障碍阅读 生僻字注音+注释+注解 ,罗贯中,作家出版社,6845.0,三国演义 青少插图版 中小学生无障碍阅读 生僻字注音+注释+注解 ,2015-11-30
346,346,346,346,,半小时漫画中国史大全集,269.4,半小时漫画中国史大全集（0-5）（中国史大全集！其实是一套严谨的,陈磊·半小时漫画团队,海南出版社,115124.0,半小时漫画中国史大全集（0-5）（中国史大全集！其实是一套严谨的,2022-09-01
347,347,347,347,,中国居民膳食指南,58.5,中国居民膳食指南（2022）,中国营养学会,人民卫生出版社,13917.0,中国居民膳食指南（2022）,2022-04-13
348,348,348,348,,信谊世界精选图画书 抱抱,45.8,信谊世界精选图画书 抱抱,杰兹·阿波罗,明天出版社,78255.0,信谊世界精选图画书 抱抱,2017-11-01
349,349,349,349,,泰戈尔诗集：新月集·飞鸟集,14.4,泰戈尔诗集：新月集·飞鸟集（泰戈尔诗选+《泰戈尔传》。语文教材,泰戈尔,浙江工商大学出版社,152026.0,泰戈尔诗集：新月集·飞鸟集（泰戈尔诗选+《泰戈尔传》。语文教材,2018-04-09
350,350,350,350,,大熊先生盖房子,40.1,大熊先生盖房子（澳大利亚青少年图书奖获奖作家、加拿大总督奖获,珍·戈德温,中译出版社,108545.0,大熊先生盖房子（澳大利亚青少年图书奖获奖作家、加拿大总督奖获,2017-11-01
351,351,351,351,,人间词话,23.8,人间词话（王国维先生的代表作，近代较富盛名的词话著作）,王国维,北京联合出版公司,591884.0,人间词话（王国维先生的代表作，近代较富盛名的词话著作）,2015-06-01
352,352,352,352,,青鸟 小学生儿童文学三四五六年级8-9-10-12岁课外阅读书籍青少年,16.7,青鸟 小学生儿童文学三四五六年级8-9-10-12岁课外阅读书籍青少年,莫里斯·梅特林克,北京日报出版社,113234.0,青鸟 小学生儿童文学三四五六年级8-9-10-12岁课外阅读书籍青少年,2019-08-01
353,353,353,353,,国际大奖小说——小巫婆求仙记,26.0,国际大奖小说——小巫婆求仙记,E.L.柯尼斯伯格,新蕾出版社,1052.0,国际大奖小说——小巫婆求仙记,2020-07-01
354,354,354,354,,中国历代政治得失(新版),23.1,中国历代政治得失(新版),钱穆,生活.读书.新知三联书店,113444.0,中国历代政治得失(新版),2020-11-01
355,355,355,355,,木偶奇遇记人民文学出版社,28.0,木偶奇遇记（《语文》推荐阅读丛书）人民文学出版社,卡洛·科洛迪,人民文学出版社,33638.0,木偶奇遇记（《语文》推荐阅读丛书）人民文学出版社,2018-06-01
356,356,356,356,,小羊上山儿童汉语分级读物第3级,178.0,小羊上山儿童汉语分级读物第3级,孙蓓,人民邮电出版社,21936.0,小羊上山儿童汉语分级读物第3级,2021-04-01
357,357,357,357,,我不敢说，我怕被骂——邓超微博推荐的绘本 带给孩子更多勇气和自,39.8,我不敢说，我怕被骂——邓超微博推荐的绘本 带给孩子更多勇气和自,皮姆·范·赫斯特,北京联合出版公司,574565.0,我不敢说，我怕被骂——邓超微博推荐的绘本 带给孩子更多勇气和自,2019-11-01
358,358,358,358,,彩虹色的花,30.8,彩虹色的花,麦克,二十一世纪出版社,308875.0,彩虹色的花,2018-07-01
359,359,359,359,,双城记,34.9,双城记（狄更斯经典代表作，逝世150周年纪念版！翻译泰斗宋兆霖权,查尔斯·狄更斯,台海出版社,64258.0,双城记（狄更斯经典代表作，逝世150周年纪念版！翻译泰斗宋兆霖权,2020-07-01
360,360,360,360,,郑渊洁四大名传：皮皮鲁传,26.4,郑渊洁四大名传：皮皮鲁传,郑渊洁,浙江少年儿童出版社,441352.0,郑渊洁四大名传：皮皮鲁传,2015-12-01
361,361,361,361,,丰乳肥臀,69.0,丰乳肥臀（莫言用情极深的长篇代表作，女性苦难史）,莫言,浙江文艺出版社,178923.0,丰乳肥臀（莫言用情极深的长篇代表作，女性苦难史）,2020-03-01
